{
    "vrtci-in-osnovne-sole-v-obcini-mislinja": {
        "Naziv": {
            "precision": 0.6624892950057983,
            "recall": 0.6490969061851501,
            "f1": 0.6557247638702393
        },
        "Naslov ": {
            "precision": 0.5642869472503662,
            "recall": 0.5011577010154724,
            "f1": 0.5308520197868347
        },
        "Kraj": {
            "precision": 0.6161155700683594,
            "recall": 0.5741217732429504,
            "f1": 0.5943779349327087
        },
        "Občina ": {
            "precision": 0.6496390104293823,
            "recall": 0.7316185832023621,
            "f1": 0.6881960034370422
        },
        "Tip": {
            "precision": 0.6035741567611694,
            "recall": 0.6018871068954468,
            "f1": 0.6027294993400574
        },
        "Parkirišča": {
            "precision": 0.6373598575592041,
            "recall": 0.6282978057861328,
            "f1": 0.6327964067459106
        }
    },
    "obcinske-stavbe-v-obcini-ribnica-na-pohorju": {
        "ŠT. SETA": {
            "precision": 0.6128536462783813,
            "recall": 0.5710625648498535,
            "f1": 0.591220498085022
        },
        "IME ZBIRKE": {
            "precision": 0.722112774848938,
            "recall": 0.6347655653953552,
            "f1": 0.6756277680397034
        },
        "DATA 1": {
            "precision": 0.673961877822876,
            "recall": 0.5751430988311768,
            "f1": 0.6206436157226562
        },
        "DATA 2": {
            "precision": 0.7149091958999634,
            "recall": 0.6542468667030334,
            "f1": 0.6832341551780701
        },
        "DATA 3": {
            "precision": 0.6473192572593689,
            "recall": 0.6301245093345642,
            "f1": 0.6386061310768127
        },
        "DATA 4": {
            "precision": 0.6692783832550049,
            "recall": 0.6210767030715942,
            "f1": 0.6442772746086121
        },
        "DATA 5": {
            "precision": 0.6687273979187012,
            "recall": 0.5891600847244263,
            "f1": 0.6264272332191467
        },
        "DATA 6": {
            "precision": 0.6469759941101074,
            "recall": 0.6309271454811096,
            "f1": 0.6388508081436157
        }
    },
    "obcinske-stavbe-v-obcini-prevalje": {
        "ŠT. SETA": {
            "precision": 0.5594990253448486,
            "recall": 0.6396077871322632,
            "f1": 0.5968775153160095
        },
        "IME ZBIRKE": {
            "precision": 0.7883388996124268,
            "recall": 0.8792721629142761,
            "f1": 0.8313262462615967
        },
        "DATA 1": {
            "precision": 0.6655516624450684,
            "recall": 0.5546321868896484,
            "f1": 0.6050503849983215
        },
        "DATA 2": {
            "precision": 0.6357401609420776,
            "recall": 0.6325559616088867,
            "f1": 0.6341440677642822
        },
        "DATA 3": {
            "precision": 0.6461367011070251,
            "recall": 0.6015220880508423,
            "f1": 0.623031735420227
        },
        "DATA 4": {
            "precision": 0.7716920375823975,
            "recall": 0.7815993428230286,
            "f1": 0.7766141295433044
        },
        "DATA 5": {
            "precision": 0.6241965889930725,
            "recall": 0.6211132407188416,
            "f1": 0.6226511001586914
        },
        "DATA 6": {
            "precision": 0.6425662636756897,
            "recall": 0.5678130388259888,
            "f1": 0.6028811931610107
        }
    },
    "seznam-kulturnih-drustev-v-obcini-zagorje-ob-savi": {
        "Seznam kulturnih društev v občini Zagorje ob Savi": {
            "precision": 0.7391862869262695,
            "recall": 0.6088607907295227,
            "f1": 0.6677238345146179
        },
        "Unnamed: 1": {
            "precision": 0.6188095211982727,
            "recall": 0.5530217289924622,
            "f1": 0.5840689539909363
        },
        "Unnamed: 2": {
            "precision": 0.6473582983016968,
            "recall": 0.5409344434738159,
            "f1": 0.58938068151474
        },
        "Unnamed: 3": {
            "precision": 0.6191516518592834,
            "recall": 0.5373720526695251,
            "f1": 0.5753704905509949
        }
    },
    "lokacije-aed-v-obcini-zirovnica": {
        "Lokacije AED": {
            "precision": 0.6367284655570984,
            "recall": 0.5961516499519348,
            "f1": 0.6157723069190979
        },
        "naslov kjer se nahaja": {
            "precision": 0.6674785614013672,
            "recall": 0.5468227863311768,
            "f1": 0.6011563539505005
        },
        "koordinata x": {
            "precision": 0.6746129989624023,
            "recall": 0.5430237650871277,
            "f1": 0.6017079949378967
        },
        "koordinata y": {
            "precision": 0.678462564945221,
            "recall": 0.5437820553779602,
            "f1": 0.6037020087242126
        },
        "TIP (v vozilu, fiksen)": {
            "precision": 0.6927585005760193,
            "recall": 0.7318609356880188,
            "f1": 0.7117730975151062
        }
    },
    "sportni-objekti-v-obcini-semic": {
        "ŠT. SETA": {
            "precision": 0.6921871900558472,
            "recall": 0.5606296062469482,
            "f1": 0.619500994682312
        },
        "IME ZBIRKE": {
            "precision": 0.7894870042800903,
            "recall": 0.8407434225082397,
            "f1": 0.8143094182014465
        },
        "DATA 1": {
            "precision": 0.672195315361023,
            "recall": 0.5298676490783691,
            "f1": 0.592605471611023
        },
        "DATA 2": {
            "precision": 0.668667733669281,
            "recall": 0.5259829759597778,
            "f1": 0.5888044834136963
        },
        "DATA 3": {
            "precision": 0.7387921810150146,
            "recall": 0.6400205492973328,
            "f1": 0.6858685612678528
        },
        "DATA 4": {
            "precision": 0.652235209941864,
            "recall": 0.57648104429245,
            "f1": 0.612022876739502
        },
        "DATA 5": {
            "precision": 0.6501489281654358,
            "recall": 0.5763858556747437,
            "f1": 0.6110492944717407
        }
    },
    "kolicina-zbranih-odpadkov-v-obcini-velike-lasce": {
        "ŠT. SETA": {
            "precision": 0.6587269306182861,
            "recall": 0.6395043134689331,
            "f1": 0.6489733457565308
        },
        "IME ZBIRKE": {
            "precision": 0.7542918920516968,
            "recall": 0.7477111220359802,
            "f1": 0.7509871125221252
        },
        "DATA 1": {
            "precision": 0.6657243967056274,
            "recall": 0.6839386224746704,
            "f1": 0.6747086048126221
        },
        "DATA 2": {
            "precision": 0.6998053789138794,
            "recall": 0.5972060561180115,
            "f1": 0.6444477438926697
        },
        "DATA 3": {
            "precision": 0.7122688293457031,
            "recall": 0.6580349206924438,
            "f1": 0.6840786337852478
        }
    },
    "avtobusna-postajalisca-v-mestni-obcini-kranj": {
        "UID": {
            "precision": 0.632532000541687,
            "recall": 0.541451632976532,
            "f1": 0.5834587216377258
        },
        "NAZIV": {
            "precision": 0.5829105377197266,
            "recall": 0.5650842189788818,
            "f1": 0.5738589763641357
        },
        "KOORDINATA X": {
            "precision": 0.6078798770904541,
            "recall": 0.483157753944397,
            "f1": 0.538390040397644
        },
        "KOORDINATA Y": {
            "precision": 0.5963725447654724,
            "recall": 0.49414801597595215,
            "f1": 0.5404689908027649
        },
        "VRSTA (MESTNI, PRIMESTNI, OBOJE)": {
            "precision": 0.8350709676742554,
            "recall": 0.7693426609039307,